mean_fit_time,std_fit_time,mean_score_time,std_score_time,param_max_depth,param_min_samples_leaf,param_min_samples_split,param_n_estimators,params,split0_test_score,split1_test_score,split2_test_score,split3_test_score,split4_test_score,mean_test_score,std_test_score,rank_test_score,model,param_alpha,param_hidden_layer_sizes,param_learning_rate_init
1.2705411434173584,0.028495831995969903,0.0273040771484375,0.0015337720627531368,3,1.0,2.0,25.0,"{'max_depth': 3, 'min_samples_leaf': 1, 'min_samples_split': 2, 'n_estimators': 25}",0.9356667864288138,0.9375805610097636,0.9341523576977865,0.9361112859334443,0.9344511709536757,0.9355924324046969,0.0012331817154459163,133,Random Forest,,,
3.1297769069671633,0.41989168701921853,0.04840002059936523,0.0039788036662929726,3,1.0,2.0,50.0,"{'max_depth': 3, 'min_samples_leaf': 1, 'min_samples_split': 2, 'n_estimators': 50}",0.9510217429619727,0.951779110650789,0.9508744681962963,0.948657528783646,0.9524004773277067,0.9509466655840821,0.0012694510421099824,109,Random Forest,,,
5.863794326782227,0.15123886335384862,0.07758264541625977,0.0010441942424489576,3,1.0,2.0,100.0,"{'max_depth': 3, 'min_samples_leaf': 1, 'min_samples_split': 2, 'n_estimators': 100}",0.9491915533885876,0.9503946999583782,0.9498483916435245,0.9462110241211249,0.9509438740014665,0.9493179086226163,0.001658514526932899,121,Random Forest,,,
1.4903185844421387,0.08549879645511861,0.029201221466064454,0.004444321728190332,3,1.0,5.0,25.0,"{'max_depth': 3, 'min_samples_leaf': 1, 'min_samples_split': 5, 'n_estimators': 25}",0.9356667864288138,0.9375805610097636,0.9341523576977865,0.9361112859334443,0.9344511709536757,0.9355924324046969,0.0012331817154459163,133,Random Forest,,,
3.0964961528778074,0.17191979437590296,0.0495262622833252,0.004232671501815233,3,1.0,5.0,50.0,"{'max_depth': 3, 'min_samples_leaf': 1, 'min_samples_split': 5, 'n_estimators': 50}",0.9510217429619727,0.951779110650789,0.9508744681962963,0.948657528783646,0.9524004773277067,0.9509466655840821,0.0012694510421099824,109,Random Forest,,,
6.09028639793396,0.5457370981678682,0.08540124893188476,0.005427673897538954,3,1.0,5.0,100.0,"{'max_depth': 3, 'min_samples_leaf': 1, 'min_samples_split': 5, 'n_estimators': 100}",0.9491915533885876,0.9503946999583782,0.9498483916435245,0.9462110241211249,0.9509438740014665,0.9493179086226163,0.001658514526932899,121,Random Forest,,,
1.6052278518676757,0.3089983531964541,0.027399682998657228,0.0010205292944545077,3,1.0,10.0,25.0,"{'max_depth': 3, 'min_samples_leaf': 1, 'min_samples_split': 10, 'n_estimators': 25}",0.9356667864288138,0.9375805610097636,0.9341523576977865,0.9361112859334443,0.9344511709536757,0.9355924324046969,0.0012331817154459163,133,Random Forest,,,
3.1018545150756838,0.18782925329965283,0.04900031089782715,0.004051118696379521,3,1.0,10.0,50.0,"{'max_depth': 3, 'min_samples_leaf': 1, 'min_samples_split': 10, 'n_estimators': 50}",0.9510217429619727,0.951779110650789,0.9508744681962963,0.948657528783646,0.9524004773277067,0.9509466655840821,0.0012694510421099824,109,Random Forest,,,
5.891204738616944,0.19584697120324554,0.08210215568542481,0.005712573055473547,3,1.0,10.0,100.0,"{'max_depth': 3, 'min_samples_leaf': 1, 'min_samples_split': 10, 'n_estimators': 100}",0.9491915533885876,0.9503946999583782,0.9498483916435245,0.9462110241211249,0.9509438740014665,0.9493179086226163,0.001658514526932899,121,Random Forest,,,
1.4774312019348144,0.06399804763322299,0.03000025749206543,0.003949880239908397,3,2.0,2.0,25.0,"{'max_depth': 3, 'min_samples_leaf': 2, 'min_samples_split': 2, 'n_estimators': 25}",0.9356667864288138,0.9375805610097636,0.9341523576977865,0.9361112859334443,0.9344511709536757,0.9355924324046969,0.0012331817154459163,133,Random Forest,,,
3.065752935409546,0.07987292749219187,0.048602294921875,0.005462857141109134,3,2.0,2.0,50.0,"{'max_depth': 3, 'min_samples_leaf': 2, 'min_samples_split': 2, 'n_estimators': 50}",0.9510217429619727,0.951779110650789,0.9508744681962963,0.948657528783646,0.9524004773277067,0.9509466655840821,0.0012694510421099824,109,Random Forest,,,
6.021076011657715,0.42616304976673136,0.08809075355529786,0.014843306692259597,3,2.0,2.0,100.0,"{'max_depth': 3, 'min_samples_leaf': 2, 'min_samples_split': 2, 'n_estimators': 100}",0.9491915533885876,0.9503946999583782,0.9498483916435245,0.9462110241211249,0.9509438740014665,0.9493179086226163,0.001658514526932899,121,Random Forest,,,
1.4829286098480225,0.08722267937071874,0.0320012092590332,0.010060182259469327,3,2.0,5.0,25.0,"{'max_depth': 3, 'min_samples_leaf': 2, 'min_samples_split': 5, 'n_estimators': 25}",0.9356667864288138,0.9375805610097636,0.9341523576977865,0.9361112859334443,0.9344511709536757,0.9355924324046969,0.0012331817154459163,133,Random Forest,,,
3.1136727333068848,0.11173031142784587,0.046335029602050784,0.0038530536201680722,3,2.0,5.0,50.0,"{'max_depth': 3, 'min_samples_leaf': 2, 'min_samples_split': 5, 'n_estimators': 50}",0.9510217429619727,0.951779110650789,0.9508744681962963,0.948657528783646,0.9524004773277067,0.9509466655840821,0.0012694510421099824,109,Random Forest,,,
5.825445604324341,0.1794243168911568,0.08260211944580079,0.004630730882532005,3,2.0,5.0,100.0,"{'max_depth': 3, 'min_samples_leaf': 2, 'min_samples_split': 5, 'n_estimators': 100}",0.9491915533885876,0.9503946999583782,0.9498483916435245,0.9462110241211249,0.9509438740014665,0.9493179086226163,0.001658514526932899,121,Random Forest,,,
1.5219245910644532,0.0802396850132919,0.028200292587280275,0.0020390913506027814,3,2.0,10.0,25.0,"{'max_depth': 3, 'min_samples_leaf': 2, 'min_samples_split': 10, 'n_estimators': 25}",0.9356667864288138,0.9375805610097636,0.9341523576977865,0.9361112859334443,0.9344511709536757,0.9355924324046969,0.0012331817154459163,133,Random Forest,,,
3.0320512771606447,0.136407851200435,0.05039935111999512,0.00793934750971719,3,2.0,10.0,50.0,"{'max_depth': 3, 'min_samples_leaf': 2, 'min_samples_split': 10, 'n_estimators': 50}",0.9510217429619727,0.951779110650789,0.9508744681962963,0.948657528783646,0.9524004773277067,0.9509466655840821,0.0012694510421099824,109,Random Forest,,,
5.771496391296386,0.23805625291411575,0.08570666313171386,0.00966661579287713,3,2.0,10.0,100.0,"{'max_depth': 3, 'min_samples_leaf': 2, 'min_samples_split': 10, 'n_estimators': 100}",0.9491915533885876,0.9503946999583782,0.9498483916435245,0.9462110241211249,0.9509438740014665,0.9493179086226163,0.001658514526932899,121,Random Forest,,,
1.4621201515197755,0.07887111658886033,0.0288027286529541,0.003062623560686023,3,4.0,2.0,25.0,"{'max_depth': 3, 'min_samples_leaf': 4, 'min_samples_split': 2, 'n_estimators': 25}",0.9356667864288138,0.9375805610097636,0.9341523576977865,0.9361112859334443,0.9344511709536757,0.9355924324046969,0.0012331817154459163,133,Random Forest,,,
3.0482594966888428,0.16031328431283828,0.04419894218444824,0.0013263381634455078,3,4.0,2.0,50.0,"{'max_depth': 3, 'min_samples_leaf': 4, 'min_samples_split': 2, 'n_estimators': 50}",0.9510217429619727,0.951779110650789,0.9508744681962963,0.948657528783646,0.9524004773277067,0.9509466655840821,0.0012694510421099824,109,Random Forest,,,
5.831575345993042,0.11134134470192593,0.07960009574890137,0.003262969127986402,3,4.0,2.0,100.0,"{'max_depth': 3, 'min_samples_leaf': 4, 'min_samples_split': 2, 'n_estimators': 100}",0.9491915533885876,0.9503946999583782,0.9498483916435245,0.9462110241211249,0.9509438740014665,0.9493179086226163,0.001658514526932899,121,Random Forest,,,
1.4422235488891602,0.0984588705302316,0.027201032638549803,0.002481767099823642,3,4.0,5.0,25.0,"{'max_depth': 3, 'min_samples_leaf': 4, 'min_samples_split': 5, 'n_estimators': 25}",0.9356667864288138,0.9375805610097636,0.9341523576977865,0.9361112859334443,0.9344511709536757,0.9355924324046969,0.0012331817154459163,133,Random Forest,,,
2.9058234214782717,0.07182689043185034,0.04520125389099121,0.0009785664010698298,3,4.0,5.0,50.0,"{'max_depth': 3, 'min_samples_leaf': 4, 'min_samples_split': 5, 'n_estimators': 50}",0.9510217429619727,0.951779110650789,0.9508744681962963,0.948657528783646,0.9524004773277067,0.9509466655840821,0.0012694510421099824,109,Random Forest,,,
5.811450529098511,0.21987794624534923,0.08040900230407715,0.004824116375202711,3,4.0,5.0,100.0,"{'max_depth': 3, 'min_samples_leaf': 4, 'min_samples_split': 5, 'n_estimators': 100}",0.9491915533885876,0.9503946999583782,0.9498483916435245,0.9462110241211249,0.9509438740014665,0.9493179086226163,0.001658514526932899,121,Random Forest,,,
1.455411720275879,0.061542068299047833,0.028999710083007814,0.0035771830324521,3,4.0,10.0,25.0,"{'max_depth': 3, 'min_samples_leaf': 4, 'min_samples_split': 10, 'n_estimators': 25}",0.9356667864288138,0.9375805610097636,0.9341523576977865,0.9361112859334443,0.9344511709536757,0.9355924324046969,0.0012331817154459163,133,Random Forest,,,
2.9984370708465575,0.14804565040413442,0.04880056381225586,0.00577513086211947,3,4.0,10.0,50.0,"{'max_depth': 3, 'min_samples_leaf': 4, 'min_samples_split': 10, 'n_estimators': 50}",0.9510217429619727,0.951779110650789,0.9508744681962963,0.948657528783646,0.9524004773277067,0.9509466655840821,0.0012694510421099824,109,Random Forest,,,
5.81539134979248,0.18034351130076126,0.0830005168914795,0.007537252702297579,3,4.0,10.0,100.0,"{'max_depth': 3, 'min_samples_leaf': 4, 'min_samples_split': 10, 'n_estimators': 100}",0.9491915533885876,0.9503946999583782,0.9498483916435245,0.9462110241211249,0.9509438740014665,0.9493179086226163,0.001658514526932899,121,Random Forest,,,
1.4841243267059325,0.06336274341199033,0.02809486389160156,0.0014915994478713404,3,8.0,2.0,25.0,"{'max_depth': 3, 'min_samples_leaf': 8, 'min_samples_split': 2, 'n_estimators': 25}",0.9356667864288138,0.9375805610097636,0.9341523576977865,0.9361112859334443,0.9344511709536757,0.9355924324046969,0.0012331817154459163,133,Random Forest,,,
3.0639479637145994,0.0990644831790396,0.04660391807556152,0.004174246784187449,3,8.0,2.0,50.0,"{'max_depth': 3, 'min_samples_leaf': 8, 'min_samples_split': 2, 'n_estimators': 50}",0.9510217429619727,0.951779110650789,0.9508744681962963,0.948657528783646,0.9524004773277067,0.9509466655840821,0.0012694510421099824,109,Random Forest,,,
5.6747945785522464,0.05659146832951741,0.07920022010803222,0.002134881708200042,3,8.0,2.0,100.0,"{'max_depth': 3, 'min_samples_leaf': 8, 'min_samples_split': 2, 'n_estimators': 100}",0.9491915533885876,0.9503946999583782,0.9498483916435245,0.9462110241211249,0.9509438740014665,0.9493179086226163,0.001658514526932899,121,Random Forest,,,
1.4818235874176025,0.06980590481137465,0.030402565002441408,0.00546536481749581,3,8.0,5.0,25.0,"{'max_depth': 3, 'min_samples_leaf': 8, 'min_samples_split': 5, 'n_estimators': 25}",0.9356667864288138,0.9375805610097636,0.9341523576977865,0.9361112859334443,0.9344511709536757,0.9355924324046969,0.0012331817154459163,133,Random Forest,,,
3.0288570404052733,0.10498688405210017,0.049800872802734375,0.004957023052301839,3,8.0,5.0,50.0,"{'max_depth': 3, 'min_samples_leaf': 8, 'min_samples_split': 5, 'n_estimators': 50}",0.9510217429619727,0.951779110650789,0.9508744681962963,0.948657528783646,0.9524004773277067,0.9509466655840821,0.0012694510421099824,109,Random Forest,,,
5.779886388778687,0.11932457841027441,0.08180069923400879,0.005845136277585258,3,8.0,5.0,100.0,"{'max_depth': 3, 'min_samples_leaf': 8, 'min_samples_split': 5, 'n_estimators': 100}",0.9491915533885876,0.9503946999583782,0.9498483916435245,0.9462110241211249,0.9509438740014665,0.9493179086226163,0.001658514526932899,121,Random Forest,,,
1.4942142963409424,0.08760924078502799,0.0296022891998291,0.002873143509699626,3,8.0,10.0,25.0,"{'max_depth': 3, 'min_samples_leaf': 8, 'min_samples_split': 10, 'n_estimators': 25}",0.9356667864288138,0.9375805610097636,0.9341523576977865,0.9361112859334443,0.9344511709536757,0.9355924324046969,0.0012331817154459163,133,Random Forest,,,
3.0449576377868652,0.05880286328709681,0.043600034713745114,0.0010179023773483626,3,8.0,10.0,50.0,"{'max_depth': 3, 'min_samples_leaf': 8, 'min_samples_split': 10, 'n_estimators': 50}",0.9510217429619727,0.951779110650789,0.9508744681962963,0.948657528783646,0.9524004773277067,0.9509466655840821,0.0012694510421099824,109,Random Forest,,,
5.650926160812378,0.1575611266581046,0.08040018081665039,0.001357304062740903,3,8.0,10.0,100.0,"{'max_depth': 3, 'min_samples_leaf': 8, 'min_samples_split': 10, 'n_estimators': 100}",0.9491915533885876,0.9503946999583782,0.9498483916435245,0.9462110241211249,0.9509438740014665,0.9493179086226163,0.001658514526932899,121,Random Forest,,,
1.9915336132049561,0.08964897269095999,0.03454437255859375,0.0017715479077995955,5,1.0,2.0,25.0,"{'max_depth': 5, 'min_samples_leaf': 1, 'min_samples_split': 2, 'n_estimators': 25}",0.975895475947238,0.9763707958772181,0.9769096116014304,0.9766414788042898,0.9767601260739097,0.9765154976608172,0.00035676480731005884,73,Random Forest,,,
3.942888069152832,0.0913240457409902,0.057798576354980466,0.0018306501346455554,5,1.0,2.0,50.0,"{'max_depth': 5, 'min_samples_leaf': 1, 'min_samples_split': 2, 'n_estimators': 50}",0.9710495462175572,0.9716224874181382,0.9721845699100338,0.969655672093959,0.9717334053983889,0.9712491362076154,0.0008749752033964934,98,Random Forest,,,
7.571219635009766,0.10196390708649312,0.11159987449645996,0.0056072404809483865,5,1.0,2.0,100.0,"{'max_depth': 5, 'min_samples_leaf': 1, 'min_samples_split': 2, 'n_estimators': 100}",0.9754829929646446,0.9763011533733198,0.9764739845680999,0.9760150118675099,0.976311511692196,0.9761169308931541,0.0003497289582913175,95,Random Forest,,,
1.9760402679443358,0.033108817284623525,0.03579998016357422,0.0031883943234311766,5,1.0,5.0,25.0,"{'max_depth': 5, 'min_samples_leaf': 1, 'min_samples_split': 5, 'n_estimators': 25}",0.975895475947238,0.9763707958772181,0.9769096116014304,0.9766414788042898,0.9767523967845406,0.9765139518029434,0.0003557166919392028,74,Random Forest,,,
3.9960495948791506,0.1600561911608662,0.05939745903015137,0.0018572692172926382,5,1.0,5.0,50.0,"{'max_depth': 5, 'min_samples_leaf': 1, 'min_samples_split': 5, 'n_estimators': 50}",0.9710495462175572,0.9716224874181382,0.9721845699100338,0.969655672093959,0.9717334053983889,0.9712491362076154,0.0008749752033964934,98,Random Forest,,,
7.770825386047363,0.3477109161412374,0.1085996150970459,0.0026526012430741503,5,1.0,5.0,100.0,"{'max_depth': 5, 'min_samples_leaf': 1, 'min_samples_split': 5, 'n_estimators': 100}",0.9755113568028985,0.9763011533733198,0.9764739845680999,0.9760150118675099,0.976311511692196,0.9761226036608048,0.00033948004402602303,94,Random Forest,,,
1.9275240421295166,0.05497795122318585,0.03460183143615723,0.00272751650859097,5,1.0,10.0,25.0,"{'max_depth': 5, 'min_samples_leaf': 1, 'min_samples_split': 10, 'n_estimators': 25}",0.975895475947238,0.9763192409815651,0.9769096116014304,0.9764868141173312,0.9767523967845406,0.9764727078864212,0.0003538526597808428,75,Random Forest,,,
3.910939168930054,0.10760372983973321,0.061243724822998044,0.005990858022067148,5,1.0,10.0,50.0,"{'max_depth': 5, 'min_samples_leaf': 1, 'min_samples_split': 10, 'n_estimators': 50}",0.9710933686345496,0.9716224874181382,0.9721845699100338,0.969655672093959,0.9717334053983889,0.9712579006910138,0.0008731496234477614,97,Random Forest,,,
7.581877326965332,0.09526433009080329,0.11160845756530761,0.009624552768294908,5,1.0,10.0,100.0,"{'max_depth': 5, 'min_samples_leaf': 1, 'min_samples_split': 10, 'n_estimators': 100}",0.9755113568028985,0.9763011533733198,0.9764430674106234,0.9760150118675099,0.976311511692196,0.9761164202293096,0.00033324789579847127,96,Random Forest,,,
1.9716481685638427,0.0854013872535903,0.03519868850708008,0.0015986571453375723,5,2.0,2.0,25.0,"{'max_depth': 5, 'min_samples_leaf': 2, 'min_samples_split': 2, 'n_estimators': 25}",0.975895475947238,0.9763785251665872,0.9768967031526232,0.9766414788042898,0.9763992418043396,0.9764422849750156,0.00033199162710311506,76,Random Forest,,,
3.8945051193237306,0.1443132508835515,0.06160120964050293,0.0034397471018089015,5,2.0,2.0,50.0,"{'max_depth': 5, 'min_samples_leaf': 2, 'min_samples_split': 2, 'n_estimators': 50}",0.9710495462175572,0.9716224874181382,0.9721922991994029,0.969655672093959,0.970813146566006,0.9710666302990127,0.0008522272625696351,101,Random Forest,,,
8.197783184051513,0.3856585864211903,0.1375345230102539,0.02272634092124803,5,2.0,2.0,100.0,"{'max_depth': 5, 'min_samples_leaf': 2, 'min_samples_split': 2, 'n_estimators': 100}",0.975485546283867,0.976308882662689,0.9764739845680999,0.9760150118675099,0.976363066587849,0.9761292983940029,0.0003558608790157978,93,Random Forest,,,
1.9134367942810058,0.06792153053509041,0.03398661613464356,0.0014343243599560635,5,2.0,5.0,25.0,"{'max_depth': 5, 'min_samples_leaf': 2, 'min_samples_split': 5, 'n_estimators': 25}",0.975895475947238,0.9763785251665872,0.9768967031526232,0.9766414788042898,0.9763992418043396,0.9764422849750156,0.00033199162710311506,76,Random Forest,,,
4.58129849433899,0.08606718321874489,0.08831048011779785,0.022222957260111587,5,2.0,5.0,50.0,"{'max_depth': 5, 'min_samples_leaf': 2, 'min_samples_split': 5, 'n_estimators': 50}",0.9710495462175572,0.9716224874181382,0.9721922991994029,0.969655672093959,0.970813146566006,0.9710666302990127,0.0008522272625696351,101,Random Forest,,,
9.24778733253479,0.1883269864967192,0.13103828430175782,0.018370076722469954,5,2.0,5.0,100.0,"{'max_depth': 5, 'min_samples_leaf': 2, 'min_samples_split': 5, 'n_estimators': 100}",0.9755216394114902,0.976308882662689,0.9764739845680999,0.9760150118675099,0.976363066587849,0.9761365170195276,0.00034285767980930234,91,Random Forest,,,
2.3362292766571047,0.0572349224672762,0.041716480255126955,0.007222819637401429,5,2.0,10.0,25.0,"{'max_depth': 5, 'min_samples_leaf': 2, 'min_samples_split': 10, 'n_estimators': 25}",0.975895475947238,0.9763269702709342,0.9768967031526232,0.9764868141173312,0.9763992418043396,0.9764010410584932,0.0003206629787747155,78,Random Forest,,,
4.563960981369019,0.11701544016812594,0.07190966606140137,0.007580476595927567,5,2.0,10.0,50.0,"{'max_depth': 5, 'min_samples_leaf': 2, 'min_samples_split': 10, 'n_estimators': 50}",0.9710933686345496,0.9716224874181382,0.9721922991994029,0.969655672093959,0.970813146566006,0.9710753947824111,0.000852231837851247,100,Random Forest,,,
9.051751232147216,0.04941072613388274,0.11910619735717773,0.008612616216588551,5,2.0,10.0,100.0,"{'max_depth': 5, 'min_samples_leaf': 2, 'min_samples_split': 10, 'n_estimators': 100}",0.9755216394114902,0.976308882662689,0.9764739845680999,0.9760150118675099,0.976363066587849,0.9761365170195276,0.00034285767980930234,91,Random Forest,,,
2.261208915710449,0.08601880848591255,0.04001507759094238,0.0063923806893322645,5,4.0,2.0,25.0,"{'max_depth': 5, 'min_samples_leaf': 4, 'min_samples_split': 2, 'n_estimators': 25}",0.9758877466578689,0.9762779655052124,0.9769482580482761,0.976252227507174,0.9763992418043396,0.9763530879045742,0.0003431373931685482,82,Random Forest,,,
4.376352071762085,0.1250986311416041,0.06593217849731445,0.007927022817425423,5,4.0,2.0,50.0,"{'max_depth': 5, 'min_samples_leaf': 4, 'min_samples_split': 2, 'n_estimators': 50}",0.9711964720472724,0.9715193776268324,0.971795318612918,0.969421085483802,0.970813146566006,0.9709490800673661,0.0008313611896433685,106,Random Forest,,,
8.587937498092652,0.10752493111895807,0.12232375144958496,0.009667875601536582,5,4.0,2.0,100.0,"{'max_depth': 5, 'min_samples_leaf': 4, 'min_samples_split': 2, 'n_estimators': 100}",0.9755731911178516,0.9763166119520581,0.9765255394637528,0.9760665667631628,0.9763785251665872,0.9761720868926826,0.0003341387797190355,85,Random Forest,,,
2.0904385566711428,0.021125640403093077,0.039599943161010745,0.003442975782729402,5,4.0,5.0,25.0,"{'max_depth': 5, 'min_samples_leaf': 4, 'min_samples_split': 5, 'n_estimators': 25}",0.9758877466578689,0.9762779655052124,0.9769482580482761,0.976252227507174,0.9763992418043396,0.9763530879045742,0.0003431373931685482,82,Random Forest,,,
4.215685081481934,0.04361681440938931,0.06472864151000976,0.0030535080614369496,5,4.0,5.0,50.0,"{'max_depth': 5, 'min_samples_leaf': 4, 'min_samples_split': 5, 'n_estimators': 50}",0.9711964720472724,0.9715193776268324,0.971795318612918,0.969421085483802,0.970813146566006,0.9709490800673661,0.0008313611896433685,106,Random Forest,,,
8.788711500167846,0.2206095880245186,0.13744697570800782,0.015198837593160673,5,4.0,5.0,100.0,"{'max_depth': 5, 'min_samples_leaf': 4, 'min_samples_split': 5, 'n_estimators': 100}",0.9755731911178516,0.9763166119520581,0.9765255394637528,0.9760665667631628,0.9763785251665872,0.9761720868926826,0.0003341387797190355,85,Random Forest,,,
2.0657638549804687,0.08078075985559353,0.03641629219055176,0.0027170367723965356,5,4.0,10.0,25.0,"{'max_depth': 5, 'min_samples_leaf': 4, 'min_samples_split': 10, 'n_estimators': 25}",0.9758877466578689,0.9762779655052124,0.9769482580482761,0.976252227507174,0.9763992418043396,0.9763530879045742,0.0003431373931685482,82,Random Forest,,,
4.262886810302734,0.06729463743576286,0.0688281536102295,0.010045868508677766,5,4.0,10.0,50.0,"{'max_depth': 5, 'min_samples_leaf': 4, 'min_samples_split': 10, 'n_estimators': 50}",0.9711964720472724,0.9715193776268324,0.9717798600341797,0.969421085483802,0.970813146566006,0.9709459883516185,0.0008282312505545623,108,Random Forest,,,
9.297536325454711,0.2749785031649983,0.12263922691345215,0.010479362387357817,5,4.0,10.0,100.0,"{'max_depth': 5, 'min_samples_leaf': 4, 'min_samples_split': 10, 'n_estimators': 100}",0.9755731911178516,0.9763166119520581,0.9765178101743835,0.9760665667631628,0.9763785251665872,0.9761705410348087,0.0003325139214203725,87,Random Forest,,,
2.306747007369995,0.05361216185283039,0.04121313095092773,0.008099868236816266,5,8.0,2.0,25.0,"{'max_depth': 5, 'min_samples_leaf': 8, 'min_samples_split': 2, 'n_estimators': 25}",0.9759650395515603,0.9762779655052124,0.9769817253356837,0.976195493452083,0.9763992418043396,0.9763638931297758,0.00033993892051834766,79,Random Forest,,,
4.607530164718628,0.2408715780446509,0.06583147048950196,0.010868751587553245,5,8.0,2.0,50.0,"{'max_depth': 5, 'min_samples_leaf': 8, 'min_samples_split': 2, 'n_estimators': 50}",0.9711964720472724,0.9715863911012236,0.9718494236385019,0.9694133561944329,0.970872430751028,0.9709836147464918,0.000852800844624871,103,Random Forest,,,
8.818168115615844,0.22062702933910164,0.1298377513885498,0.01804354026313711,5,8.0,2.0,100.0,"{'max_depth': 5, 'min_samples_leaf': 8, 'min_samples_split': 2, 'n_estimators': 100}",0.9755216394114902,0.9763166119520581,0.9765255394637528,0.9760665667631628,0.9763269702709342,0.9761514655722797,0.0003469568569404117,88,Random Forest,,,
2.0713061332702636,0.038974166135792424,0.037801599502563475,0.0021351762100916584,5,8.0,5.0,25.0,"{'max_depth': 5, 'min_samples_leaf': 8, 'min_samples_split': 5, 'n_estimators': 25}",0.9759650395515603,0.9762779655052124,0.9769817253356837,0.976195493452083,0.9763992418043396,0.9763638931297758,0.00033993892051834766,79,Random Forest,,,
4.512230777740479,0.13933213643911274,0.06883182525634765,0.012620712990886815,5,8.0,5.0,50.0,"{'max_depth': 5, 'min_samples_leaf': 8, 'min_samples_split': 5, 'n_estimators': 50}",0.9711964720472724,0.9715863911012236,0.9718494236385019,0.9694133561944329,0.970872430751028,0.9709836147464918,0.000852800844624871,103,Random Forest,,,
9.06432614326477,0.3103128505334983,0.1216313362121582,0.011818146561692918,5,8.0,5.0,100.0,"{'max_depth': 5, 'min_samples_leaf': 8, 'min_samples_split': 5, 'n_estimators': 100}",0.9755216394114902,0.9763166119520581,0.9765255394637528,0.9760665667631628,0.9763269702709342,0.9761514655722797,0.0003469568569404117,88,Random Forest,,,
2.22279314994812,0.049289917750127074,0.03811202049255371,0.0058882746005183215,5,8.0,10.0,25.0,"{'max_depth': 5, 'min_samples_leaf': 8, 'min_samples_split': 10, 'n_estimators': 25}",0.9759650395515603,0.9762779655052124,0.9769817253356837,0.976195493452083,0.9763992418043396,0.9763638931297758,0.00033993892051834766,79,Random Forest,,,
4.489675045013428,0.1339114930543791,0.06190371513366699,0.0022427050992763187,5,8.0,10.0,50.0,"{'max_depth': 5, 'min_samples_leaf': 8, 'min_samples_split': 10, 'n_estimators': 50}",0.9711964720472724,0.9715863911012236,0.9718494236385019,0.9694133561944329,0.970872430751028,0.9709836147464918,0.000852800844624871,103,Random Forest,,,
8.477942562103271,0.2348016072523957,0.12193589210510254,0.007409767058047632,5,8.0,10.0,100.0,"{'max_depth': 5, 'min_samples_leaf': 8, 'min_samples_split': 10, 'n_estimators': 100}",0.9755216394114902,0.9763166119520581,0.9765255394637528,0.9760665667631628,0.9763269702709342,0.9761514655722797,0.0003469568569404117,88,Random Forest,,,
2.571976375579834,0.08375401226159898,0.045709228515625,0.0036430569674346424,7,1.0,2.0,25.0,"{'max_depth': 7, 'min_samples_leaf': 1, 'min_samples_split': 2, 'n_estimators': 25}",0.9778696220409057,0.9781105960814572,0.9787808886245207,0.9782317145814323,0.9779121846877908,0.9781810012032214,0.00032760126612271453,66,Random Forest,,,
5.215240955352783,0.14608147981916672,0.0830305576324463,0.005178682591708916,7,1.0,2.0,50.0,"{'max_depth': 7, 'min_samples_leaf': 1, 'min_samples_split': 2, 'n_estimators': 50}",0.9777690719474053,0.9782291644515012,0.9787705303056446,0.9786673416147629,0.9789896583370634,0.9784851533312754,0.0004353069592595216,45,Random Forest,,,
11.021926116943359,0.1544252630958493,0.1655479907989502,0.016186019495645704,7,1.0,2.0,100.0,"{'max_depth': 7, 'min_samples_leaf': 1, 'min_samples_split': 2, 'n_estimators': 100}",0.9781428391514514,0.978154421687741,0.9789793789177633,0.978613236589179,0.9790670301303308,0.9785913812952931,0.00039227168560075447,37,Random Forest,,,
2.5084722518920897,0.09545598924992016,0.047616195678710935,0.004660696848785,7,1.0,5.0,25.0,"{'max_depth': 7, 'min_samples_leaf': 1, 'min_samples_split': 5, 'n_estimators': 25}",0.9777149669218214,0.9780796789239807,0.9789973876264325,0.9773269143277877,0.9783607201699285,0.97809593359399,0.0005691259535102443,72,Random Forest,,,
5.653340578079224,0.181928805008476,0.08151707649230958,0.005939163310846034,7,1.0,5.0,50.0,"{'max_depth': 7, 'min_samples_leaf': 1, 'min_samples_split': 5, 'n_estimators': 50}",0.9778206236537667,0.9783116365046308,0.978667420514339,0.9785126769278043,0.9789819290476943,0.9784588573296469,0.0003870440206802923,47,Random Forest,,,
10.87167534828186,0.15084198213191824,0.17413530349731446,0.01437353371082742,7,1.0,5.0,100.0,"{'max_depth': 7, 'min_samples_leaf': 1, 'min_samples_split': 5, 'n_estimators': 100}",0.9779366323260055,0.9781466923983718,0.9789639203390251,0.9784431133234821,0.9790309338134161,0.9785042584400602,0.00043415840774227584,44,Random Forest,,,
2.5348631858825685,0.04880116955339105,0.043511581420898435,0.003678722258421244,7,1.0,10.0,25.0,"{'max_depth': 7, 'min_samples_leaf': 1, 'min_samples_split': 10, 'n_estimators': 25}",0.9777613426580362,0.9786596123253938,0.978785988884383,0.9775228544910991,0.978618494648193,0.9782696586014209,0.0005208548613508739,59,Random Forest,,,
5.340556335449219,0.21440993419335153,0.0862076759338379,0.009857528469868081,7,1.0,10.0,50.0,"{'max_depth': 7, 'min_samples_leaf': 1, 'min_samples_split': 10, 'n_estimators': 50}",0.9778257996239134,0.9781776095558484,0.9787576218568375,0.9780254949988209,0.9789458327307797,0.9783464717532399,0.0004314899706664051,54,Random Forest,,,
10.628031873703003,0.20099942954264727,0.1530369758605957,0.008780335954925615,7,1.0,10.0,100.0,"{'max_depth': 7, 'min_samples_leaf': 1, 'min_samples_split': 10, 'n_estimators': 100}",0.9779779014237752,0.9782188850322012,0.9789741997583251,0.9784508426128512,0.9790232045240469,0.97852900667024,0.0004119297142267122,42,Random Forest,,,
2.650994825363159,0.061511680547968385,0.043504953384399414,0.0018406596998786734,7,2.0,2.0,25.0,"{'max_depth': 7, 'min_samples_leaf': 2, 'min_samples_split': 2, 'n_estimators': 25}",0.977781977206921,0.9785050265380111,0.978847902098912,0.9777084363355343,0.978847902098912,0.978338248855658,0.00050068145756419,55,Random Forest,,,
4.998178148269654,0.13607940517668446,0.07592558860778809,0.004342241538690026,7,2.0,2.0,50.0,"{'max_depth': 7, 'min_samples_leaf': 2, 'min_samples_split': 2, 'n_estimators': 50}",0.9772045564966514,0.9782961779258925,0.9788349936501048,0.9783580122408456,0.9783555410104904,0.9782098562647971,0.0005388970294748531,62,Random Forest,,,
10.282935571670532,0.15106436008763244,0.15195202827453613,0.005736880775415529,7,2.0,2.0,100.0,"{'max_depth': 7, 'min_samples_leaf': 2, 'min_samples_split': 2, 'n_estimators': 100}",0.9779676188151836,0.9784533927427822,0.9788608105477191,0.9785101267978731,0.9785385727249946,0.9784661043257106,0.00028692578733472253,46,Random Forest,,,
2.5072983741760253,0.017136276304126605,0.04642939567565918,0.0048656176790912034,7,2.0,5.0,25.0,"{'max_depth': 7, 'min_samples_leaf': 2, 'min_samples_split': 5, 'n_estimators': 25}",0.9777665186281826,0.9784534716423582,0.9788556313882811,0.9773578314852642,0.978847902098912,0.9782562710485998,0.0005991993446134964,60,Random Forest,,,
5.154913854598999,0.19596789442537865,0.08121776580810547,0.01095503425188869,7,2.0,5.0,50.0,"{'max_depth': 7, 'min_samples_leaf': 2, 'min_samples_split': 5, 'n_estimators': 50}",0.9771452755009208,0.9783400035321762,0.9787396131481682,0.9780486828669283,0.9783555410104904,0.9781258232117368,0.0005371789289940236,71,Random Forest,,,
10.203880834579468,0.24100893655996428,0.14835824966430664,0.006307781218808785,7,2.0,5.0,100.0,"{'max_depth': 7, 'min_samples_leaf': 2, 'min_samples_split': 5, 'n_estimators': 100}",0.9779676188151836,0.978497218349066,0.9789046361540029,0.9784869389297657,0.9790025667858707,0.9785717958067778,0.00036718895874371496,38,Random Forest,,,
2.544584560394287,0.04317270677260383,0.043721771240234374,0.0033802110607115887,7,2.0,10.0,25.0,"{'max_depth': 7, 'min_samples_leaf': 2, 'min_samples_split': 10, 'n_estimators': 25}",0.9777097909516747,0.9786983376718155,0.9790128462051708,0.9774429325679007,0.9788040764926283,0.9783335967778379,0.0006321682228519873,56,Random Forest,,,
5.071734142303467,0.15120378741356774,0.08141918182373047,0.006440141719624212,7,2.0,10.0,50.0,"{'max_depth': 7, 'min_samples_leaf': 2, 'min_samples_split': 10, 'n_estimators': 50}",0.9778051650750283,0.9785900487210716,0.978783438754452,0.9772160752471127,0.978672599673777,0.9782134654942883,0.0006064627237183822,61,Random Forest,,,
10.821223258972168,0.3145187636713723,0.1529205322265625,0.012329003372493331,7,2.0,10.0,100.0,"{'max_depth': 7, 'min_samples_leaf': 2, 'min_samples_split': 10, 'n_estimators': 100}",0.9781170979641214,0.9783890082978982,0.9789381034414105,0.978156971817672,0.9790025667858707,0.9785207496613946,0.00037919829068256534,43,Random Forest,,,
2.5635420799255373,0.05649699423296005,0.04560270309448242,0.004275618395461992,7,4.0,2.0,25.0,"{'max_depth': 7, 'min_samples_leaf': 4, 'min_samples_split': 2, 'n_estimators': 25}",0.9778670687216833,0.9785926777505786,0.9788685398370882,0.9773888275423168,0.9788839984158265,0.9783202224534987,0.0005942342909973702,57,Random Forest,,,
5.584283924102783,0.3299400204365494,0.07620210647583008,0.0038211216039444247,7,4.0,2.0,50.0,"{'max_depth': 7, 'min_samples_leaf': 4, 'min_samples_split': 2, 'n_estimators': 50}",0.9775396772538518,0.9784921180892039,0.9787164252800608,0.9776646107292506,0.9782292433510773,0.978128414940689,0.0004582420579212585,69,Random Forest,,,
10.620970058441163,0.31035732878490935,0.14641985893249512,0.007104767557926482,7,4.0,2.0,100.0,"{'max_depth': 7, 'min_samples_leaf': 4, 'min_samples_split': 2, 'n_estimators': 100}",0.9780320064493592,0.9784044668766364,0.9788994569945649,0.9784224755853056,0.978966470468956,0.9785449752749644,0.0003467567701138632,40,Random Forest,,,
2.537392330169678,0.06861832988540338,0.04691329002380371,0.005980602209622948,7,4.0,5.0,25.0,"{'max_depth': 7, 'min_samples_leaf': 4, 'min_samples_split': 5, 'n_estimators': 25}",0.9778670687216833,0.9785926777505786,0.9788685398370882,0.9773888275423168,0.9788839984158265,0.9783202224534987,0.0005942342909973702,57,Random Forest,,,
5.121366834640503,0.1141459495778668,0.080718994140625,0.008761297781222527,7,4.0,5.0,50.0,"{'max_depth': 7, 'min_samples_leaf': 4, 'min_samples_split': 5, 'n_estimators': 50}",0.9775396772538518,0.9784921180892039,0.9787164252800608,0.9776646107292506,0.9782292433510773,0.978128414940689,0.0004582420579212585,69,Random Forest,,,
10.29768934249878,0.1698802852005644,0.16440834999084472,0.019857301241835382,7,4.0,5.0,100.0,"{'max_depth': 7, 'min_samples_leaf': 4, 'min_samples_split': 5, 'n_estimators': 100}",0.9780320064493592,0.9784044668766364,0.9788994569945649,0.9784224755853056,0.978966470468956,0.9785449752749644,0.0003467567701138632,40,Random Forest,,,
2.592178297042847,0.0845140043965536,0.04440717697143555,0.002819709747609185,7,4.0,10.0,25.0,"{'max_depth': 7, 'min_samples_leaf': 4, 'min_samples_split': 10, 'n_estimators': 25}",0.9775680410921059,0.97843801306362,0.9787447923076064,0.9773888275423168,0.9786906872820224,0.9781660722575344,0.0005737316871928306,67,Random Forest,,,
5.272380638122558,0.3275131166526343,0.0955054759979248,0.002408741585490343,7,4.0,10.0,50.0,"{'max_depth': 7, 'min_samples_leaf': 4, 'min_samples_split': 10, 'n_estimators': 50}",0.9776968856921587,0.978435384034113,0.9788272643607357,0.9772160752471127,0.9786494118056696,0.9781650042279579,0.000610892068803398,68,Random Forest,,,
11.12638840675354,0.20023290934757826,0.15622735023498535,0.011373477249522953,7,4.0,10.0,100.0,"{'max_depth': 7, 'min_samples_leaf': 4, 'min_samples_split': 10, 'n_estimators': 100}",0.9778747980110524,0.9783890082978982,0.9790257546539781,0.9784302048746748,0.979018025364609,0.9785475582404425,0.000433941781308671,39,Random Forest,,,
2.9443121433258055,0.1443421021828971,0.05459713935852051,0.007086290493990756,7,8.0,2.0,25.0,"{'max_depth': 7, 'min_samples_leaf': 8, 'min_samples_split': 2, 'n_estimators': 25}",0.9777149669218214,0.9782549813491158,0.9790567507110305,0.9783477328215454,0.978381357908105,0.9783511579423235,0.00042726429204550454,51,Random Forest,,,
5.527663946151733,0.22664617319843172,0.08331613540649414,0.005972823702553697,7,8.0,2.0,50.0,"{'max_depth': 7, 'min_samples_leaf': 8, 'min_samples_split': 2, 'n_estimators': 50}",0.977802611755806,0.9769763094775176,0.979018025364609,0.9785616816935261,0.9786339532269314,0.9781985163036779,0.0007271340251154302,63,Random Forest,,,
10.913554334640503,0.39580518279270765,0.16274089813232423,0.017722811521451044,7,8.0,2.0,100.0,"{'max_depth': 7, 'min_samples_leaf': 8, 'min_samples_split': 2, 'n_estimators': 100}",0.9776763204749755,0.9782059765833938,0.9786055861993859,0.9785178560872422,0.9790463923921545,0.9784104263474303,0.0004549269094790206,48,Random Forest,,,
2.709918165206909,0.11960121130325015,0.043015480041503906,0.0027050560244232928,7,8.0,5.0,25.0,"{'max_depth': 7, 'min_samples_leaf': 8, 'min_samples_split': 5, 'n_estimators': 25}",0.9777149669218214,0.9782549813491158,0.9790567507110305,0.9783477328215454,0.978381357908105,0.9783511579423235,0.00042726429204550454,51,Random Forest,,,
5.539546060562134,0.25473862510506884,0.0843048095703125,0.02174161855985808,7,8.0,5.0,50.0,"{'max_depth': 7, 'min_samples_leaf': 8, 'min_samples_split': 5, 'n_estimators': 50}",0.977802611755806,0.9769763094775176,0.979018025364609,0.9785616816935261,0.9786339532269314,0.9781985163036779,0.0007271340251154302,63,Random Forest,,,
10.793846225738525,0.34018920500345484,0.16300907135009765,0.03122075916112586,7,8.0,5.0,100.0,"{'max_depth': 7, 'min_samples_leaf': 8, 'min_samples_split': 5, 'n_estimators': 100}",0.9776763204749755,0.9782059765833938,0.9786055861993859,0.9785178560872422,0.9790463923921545,0.9784104263474303,0.0004549269094790206,48,Random Forest,,,
2.4997437477111815,0.1332332326807089,0.04581165313720703,0.005155046175014744,7,8.0,10.0,25.0,"{'max_depth': 7, 'min_samples_leaf': 8, 'min_samples_split': 10, 'n_estimators': 25}",0.9777149669218214,0.9782549813491158,0.9790567507110305,0.9783477328215454,0.978381357908105,0.9783511579423235,0.00042726429204550454,51,Random Forest,,,
5.576471519470215,0.19328062826413656,0.08500757217407226,0.010867180185533988,7,8.0,10.0,50.0,"{'max_depth': 7, 'min_samples_leaf': 8, 'min_samples_split': 10, 'n_estimators': 50}",0.977802611755806,0.9769763094775176,0.979018025364609,0.9785616816935261,0.9786339532269314,0.9781985163036779,0.0007271340251154302,63,Random Forest,,,
10.3733567237854,0.2435772863955769,0.15261878967285156,0.009850813394428599,7,8.0,10.0,100.0,"{'max_depth': 7, 'min_samples_leaf': 8, 'min_samples_split': 10, 'n_estimators': 100}",0.9776763204749755,0.9782059765833938,0.9786055861993859,0.9785178560872422,0.9790463923921545,0.9784104263474303,0.0004549269094790206,48,Random Forest,,,
3.9747704029083253,0.1400804756996208,0.09871749877929688,0.0049885517523576475,,1.0,2.0,25.0,"{'max_depth': None, 'min_samples_leaf': 1, 'min_samples_split': 2, 'n_estimators': 25}",0.9944841060827251,0.9948188513362485,0.9945817145961602,0.9944708755154853,0.9945559765981217,0.9945823048257483,0.00012546494322141549,9,Random Forest,,,
8.25485463142395,0.14531350985581468,0.20854721069335938,0.034278040222031014,,1.0,2.0,50.0,"{'max_depth': None, 'min_samples_leaf': 1, 'min_samples_split': 2, 'n_estimators': 50}",0.9944325543763636,0.9949657867338381,0.9945817145961602,0.9944554169367469,0.9945353388599454,0.9945941623006108,0.000193435911382825,8,Random Forest,,,
16.058832502365114,0.4708586459083827,0.3746805191040039,0.016137712111239808,,1.0,2.0,100.0,"{'max_depth': None, 'min_samples_leaf': 1, 'min_samples_split': 2, 'n_estimators': 100}",0.9944789301125784,0.9950250709188598,0.9945147011217692,0.9944502377773091,0.9947029119957113,0.9946343703852456,0.00021435115470881216,7,Random Forest,,,
3.800383138656616,0.10428752154241289,0.09734463691711426,0.010923643406383455,,1.0,5.0,25.0,"{'max_depth': None, 'min_samples_leaf': 1, 'min_samples_split': 5, 'n_estimators': 25}",0.9946980421975401,0.9951075429719894,0.9946100816237057,0.9942646559328739,0.9947647463106644,0.9946890138073547,0.00027103264777003335,4,Random Forest,,,
7.911530208587647,0.1873727754870572,0.17612876892089843,0.009293834436723367,,1.0,5.0,50.0,"{'max_depth': None, 'min_samples_leaf': 1, 'min_samples_split': 5, 'n_estimators': 50}",0.9948243334783706,0.9950920843932511,0.9946539072299895,0.9944115913304635,0.9948240304956864,0.9947611893855524,0.00022412315753835132,1,Random Forest,,,
16.46879963874817,0.5962575621323719,0.4046800136566162,0.0387693374330771,,1.0,5.0,100.0,"{'max_depth': None, 'min_samples_leaf': 1, 'min_samples_split': 5, 'n_estimators': 100}",0.9945820335253014,0.9951359099995347,0.9946178109130749,0.99444250848794,0.994800842627579,0.994715821110686,0.0002391268447749132,2,Random Forest,,,
3.8013492584228517,0.2236721454122847,0.0958254337310791,0.00681190946243917,,1.0,10.0,25.0,"{'max_depth': None, 'min_samples_leaf': 1, 'min_samples_split': 10, 'n_estimators': 25}",0.9946078440443329,0.994978695182645,0.9946951827063422,0.9944193206198326,0.9945534264681908,0.9946508938042686,0.00018675896428006796,6,Random Forest,,,
8.771761083602906,0.25977444991946586,0.21643948554992676,0.04414945498530816,,1.0,10.0,50.0,"{'max_depth': None, 'min_samples_leaf': 1, 'min_samples_split': 10, 'n_estimators': 50}",0.9946980421975401,0.9950018830507524,0.9945791644662291,0.9944115913304635,0.9946513571000585,0.9946684076290087,0.000193025251404079,5,Random Forest,,,
16.34147686958313,0.4476132544850217,0.38557848930358884,0.04907420150865611,,1.0,10.0,100.0,"{'max_depth': None, 'min_samples_leaf': 1, 'min_samples_split': 10, 'n_estimators': 100}",0.9946542197805477,0.9949864244720142,0.9946539072299895,0.9944786048048545,0.9947183705744496,0.9946983053723711,0.00016468047955607703,3,Random Forest,,,
3.7745901584625243,0.16368477385473004,0.09621691703796387,0.00517083735579853,,2.0,2.0,25.0,"{'max_depth': None, 'min_samples_leaf': 2, 'min_samples_split': 2, 'n_estimators': 25}",0.9942753459380566,0.9946384486512513,0.9937723737440282,0.9938651252164578,0.9938806626947722,0.9940863912489132,0.00032568731584367827,13,Random Forest,,,
7.468049383163452,0.2595527526606527,0.17444124221801757,0.029502319135636636,,2.0,2.0,50.0,"{'max_depth': None, 'min_samples_leaf': 2, 'min_samples_split': 2, 'n_estimators': 50}",0.9944377303465103,0.9946152607831439,0.9937440067164828,0.9938496666377196,0.9941538957517748,0.9941601120471262,0.00033280352545934065,10,Random Forest,,,
15.093674421310425,0.5420953107281692,0.3504978656768799,0.039776770551812585,,2.0,2.0,100.0,"{'max_depth': None, 'min_samples_leaf': 2, 'min_samples_split': 2, 'n_estimators': 100}",0.9942547113891717,0.9946100816237057,0.993648626214546,0.9937697447145212,0.9941925421986205,0.994095141228113,0.00034795739531376916,12,Random Forest,,,
4.113565587997437,0.14664181488696681,0.09722628593444824,0.014425670241439061,,2.0,5.0,25.0,"{'max_depth': None, 'min_samples_leaf': 2, 'min_samples_split': 5, 'n_estimators': 25}",0.994216064942326,0.9946178109130749,0.9936924518208299,0.9939115009526726,0.9939399468797941,0.9940755551017395,0.0003180741604587208,14,Random Forest,,,
7.364710426330566,0.23566672586015908,0.17133827209472657,0.010998086809664718,,2.0,5.0,50.0,"{'max_depth': None, 'min_samples_leaf': 2, 'min_samples_split': 5, 'n_estimators': 50}",0.9943139923849023,0.9945868937555983,0.9936125298976314,0.993872854505827,0.9941409873029676,0.9941054515693853,0.00033870689606911846,11,Random Forest,,,
14.509738969802857,0.33854786321671193,0.32525410652160647,0.02331736310350876,,2.0,5.0,100.0,"{'max_depth': None, 'min_samples_leaf': 2, 'min_samples_split': 5, 'n_estimators': 100}",0.9942624406785407,0.9946539072299895,0.9936048006082623,0.99370273124013,0.9941487165923367,0.9940745192698518,0.0003835028205763156,15,Random Forest,,,
3.8745851039886476,0.02919568125966665,0.08652496337890625,0.006963626969018025,,2.0,10.0,25.0,"{'max_depth': None, 'min_samples_leaf': 2, 'min_samples_split': 10, 'n_estimators': 25}",0.994022763376396,0.9941332580135985,0.993638346795246,0.9938625750865269,0.9939476761691632,0.9939209238881862,0.00016698930673581444,18,Random Forest,,,
7.423455333709716,0.15796675939534224,0.17165789604187012,0.009972328910335719,,2.0,10.0,50.0,"{'max_depth': None, 'min_samples_leaf': 2, 'min_samples_split': 10, 'n_estimators': 50}",0.9942135116231036,0.9943987617812321,0.9934604942401798,0.9936769932420916,0.9940662445392072,0.9939632010851629,0.00034572114202467355,16,Random Forest,,,
14.703489303588867,0.224748853994224,0.3194695472717285,0.011337265681721716,,2.0,10.0,100.0,"{'max_depth': None, 'min_samples_leaf': 2, 'min_samples_split': 10, 'n_estimators': 100}",0.994105232240234,0.9944580459662541,0.9935738834507858,0.9936177090570695,0.9939992310648161,0.9939508203558318,0.00032756953900081766,17,Random Forest,,,
3.433116149902344,0.1748274997602524,0.08301506042480469,0.010079840547695005,,4.0,2.0,25.0,"{'max_depth': None, 'min_samples_leaf': 4, 'min_samples_split': 2, 'n_estimators': 25}",0.9932856502402987,0.9929243864450505,0.9925299559884967,0.9927413547305464,0.9934347562421414,0.9929832207293068,0.0003354869559585213,19,Random Forest,,,
6.863899803161621,0.1782126995043088,0.150823974609375,0.005228511498058601,,4.0,2.0,50.0,"{'max_depth': None, 'min_samples_leaf': 4, 'min_samples_split': 2, 'n_estimators': 50}",0.992571655640607,0.9931589730552077,0.9924191169078219,0.9928367352324831,0.9934631232696868,0.9928899208211612,0.00038124215623484175,23,Random Forest,,,
13.587418031692504,0.2050932446315265,0.2796294689178467,0.018422633020237562,,4.0,2.0,100.0,"{'max_depth': None, 'min_samples_leaf': 4, 'min_samples_split': 2, 'n_estimators': 100}",0.9928190622321211,0.9930481339745327,0.9925608731459733,0.9926227863605024,0.9932105279508604,0.992852276732798,0.00024713926390965287,26,Random Forest,,,
3.4817041397094726,0.18933983915733213,0.07404088973999023,0.0031442509624293054,,4.0,5.0,25.0,"{'max_depth': None, 'min_samples_leaf': 4, 'min_samples_split': 5, 'n_estimators': 25}",0.9932856502402987,0.9929243864450505,0.9925299559884967,0.9927413547305464,0.9934347562421414,0.9929832207293068,0.0003354869559585213,19,Random Forest,,,
6.855635309219361,0.1501639100429004,0.15371694564819335,0.00990069422450682,,4.0,5.0,50.0,"{'max_depth': None, 'min_samples_leaf': 4, 'min_samples_split': 5, 'n_estimators': 50}",0.992571655640607,0.9931589730552077,0.9924191169078219,0.9928367352324831,0.9934631232696868,0.9928899208211612,0.00038124215623484175,23,Random Forest,,,
13.772924375534057,0.42095550780539903,0.3400472640991211,0.07428616081486697,,4.0,5.0,100.0,"{'max_depth': None, 'min_samples_leaf': 4, 'min_samples_split': 5, 'n_estimators': 100}",0.9928190622321211,0.9930481339745327,0.9925608731459733,0.9926227863605024,0.9932105279508604,0.992852276732798,0.00024713926390965287,26,Random Forest,,,
3.3703237056732176,0.27836705695258335,0.07570452690124511,0.007966566421600159,,4.0,10.0,25.0,"{'max_depth': None, 'min_samples_leaf': 4, 'min_samples_split': 10, 'n_estimators': 25}",0.9933036621382594,0.9928367352324831,0.9924552132247365,0.9925660523054113,0.99335746334845,0.992903825249868,0.0003702705614373981,21,Random Forest,,,
7.001940155029297,0.12591861403564553,0.17951860427856445,0.025428910995058163,,4.0,10.0,50.0,"{'max_depth': None, 'min_samples_leaf': 4, 'min_samples_split': 10, 'n_estimators': 50}",0.9927649572065372,0.9931667023445768,0.9924036583290836,0.9926098779116952,0.9933651926378192,0.9928620776859424,0.0003547129142963873,25,Random Forest,,,
14.416777610778809,0.26699312042906864,0.27414426803588865,0.023972229616276243,,4.0,10.0,100.0,"{'max_depth': None, 'min_samples_leaf': 4, 'min_samples_split': 10, 'n_estimators': 100}",0.9926412192449292,0.9932105279508604,0.9924913095416511,0.9927439048604775,0.9934012889547338,0.9928976501105303,0.00034815274723145646,22,Random Forest,,,
3.659821081161499,0.28872987337235506,0.07311315536499023,0.007192380835882952,,8.0,2.0,25.0,"{'max_depth': None, 'min_samples_leaf': 8, 'min_samples_split': 2, 'n_estimators': 25}",0.9918603530235414,0.9914113646620234,0.991166577532142,0.9907539805677671,0.9920429318586651,0.9914470415288278,0.00046608541381689235,28,Random Forest,,,
7.167127323150635,0.6307438513583894,0.13050146102905275,0.008061074545606072,,8.0,2.0,50.0,"{'max_depth': None, 'min_samples_leaf': 8, 'min_samples_split': 2, 'n_estimators': 50}",0.9917881667682948,0.991682047589095,0.9910402009731528,0.9906586000658305,0.9919243634886211,0.9914186757769988,0.0004863263574176912,31,Random Forest,,,
13.767240285873413,1.0777064249806896,0.2653742790222168,0.035566732885454255,,8.0,2.0,100.0,"{'max_depth': None, 'min_samples_leaf': 8, 'min_samples_split': 2, 'n_estimators': 100}",0.9916335116492104,0.9915583000596128,0.9908081644929269,0.9905915865914392,0.9916949560379021,0.9912573037662182,0.0004622934337369041,34,Random Forest,,,
3.4122875213623045,0.3230587590605746,0.08892521858215333,0.02637006496616072,,8.0,5.0,25.0,"{'max_depth': None, 'min_samples_leaf': 8, 'min_samples_split': 5, 'n_estimators': 25}",0.9918603530235414,0.9914113646620234,0.991166577532142,0.9907539805677671,0.9920429318586651,0.9914470415288278,0.00046608541381689235,28,Random Forest,,,
6.516698789596558,0.41972468690899795,0.13025517463684083,0.010348042408219692,,8.0,5.0,50.0,"{'max_depth': None, 'min_samples_leaf': 8, 'min_samples_split': 5, 'n_estimators': 50}",0.9917881667682948,0.991682047589095,0.9910402009731528,0.9906586000658305,0.9919243634886211,0.9914186757769988,0.0004863263574176912,31,Random Forest,,,
12.082625722885131,0.6404576649835447,0.21953020095825196,0.014226552077998436,,8.0,5.0,100.0,"{'max_depth': None, 'min_samples_leaf': 8, 'min_samples_split': 5, 'n_estimators': 100}",0.9916335116492104,0.9915583000596128,0.9908081644929269,0.9905915865914392,0.9916949560379021,0.9912573037662182,0.0004622934337369041,34,Random Forest,,,
3.401413917541504,0.18574444340073235,0.07093324661254882,0.009250403762020312,,8.0,10.0,25.0,"{'max_depth': None, 'min_samples_leaf': 8, 'min_samples_split': 10, 'n_estimators': 25}",0.9918603530235414,0.9914113646620234,0.991166577532142,0.9907539805677671,0.9920429318586651,0.9914470415288278,0.00046608541381689235,28,Random Forest,,,
6.559463977813721,0.5228968973749236,0.1220064640045166,0.013077175948088387,,8.0,10.0,50.0,"{'max_depth': None, 'min_samples_leaf': 8, 'min_samples_split': 10, 'n_estimators': 50}",0.9917881667682948,0.991682047589095,0.9910402009731528,0.9906586000658305,0.9919243634886211,0.9914186757769988,0.0004863263574176912,31,Random Forest,,,
7.580273866653442,1.2595359753098805,0.15151171684265136,0.009649189197471616,,8.0,10.0,100.0,"{'max_depth': None, 'min_samples_leaf': 8, 'min_samples_split': 10, 'n_estimators': 100}",0.9916335116492104,0.9915583000596128,0.9908081644929269,0.9905915865914392,0.9916949560379021,0.9912573037662182,0.0004622934337369041,34,Random Forest,,,
21.887276649475098,1.7499782102957167,0.009903192520141602,0.000662015164617962,,,,,"{'alpha': 0.0001, 'hidden_layer_sizes': (10,), 'learning_rate_init': 0.001}",0.9947212300656476,0.9937258402086616,0.993228378860378,0.9935324501752811,0.9936768354429398,0.9937769469505817,0.0005029931286116638,30,Neural Network,0.0001,"(10,)",0.001
10.962198448181152,1.2455151645545488,0.010007810592651368,0.00054062608886492,,,,,"{'alpha': 0.0001, 'hidden_layer_sizes': (10,), 'learning_rate_init': 0.01}",0.9941645132359644,0.9938547668975818,0.9932670253072237,0.99433414063762,0.9933855147776917,0.9938011921712164,0.00041881462469979124,29,Neural Network,0.0001,"(10,)",0.01
8.71865954399109,1.6389428528710412,0.010600614547729491,0.001019430866443731,,,,,"{'alpha': 0.0001, 'hidden_layer_sizes': (10,), 'learning_rate_init': 0.1}",0.9931256111559623,0.9933700561989535,0.9933967409919034,0.9938934922440034,0.9934577074115208,0.9934487216004687,0.0002494763550166554,44,Neural Network,0.0001,"(10,)",0.1
16.05866837501526,0.9232048624244502,0.016802263259887696,0.0014683795128404762,,,,,"{'alpha': 0.0001, 'hidden_layer_sizes': (10, 20), 'learning_rate_init': 0.001}",0.9941257281257155,0.9931200110100581,0.994968573562497,0.9940918247380939,0.9941047331869011,0.994082174124653,0.0005854845547296732,21,Neural Network,0.0001,"(10, 20)",0.001
10.889133262634278,4.834666701349931,0.016408777236938475,0.0005792652379040435,,,,,"{'alpha': 0.0001, 'hidden_layer_sizes': (10, 20), 'learning_rate_init': 0.01}",0.9924374964070041,0.9937773951043144,0.9929478899114619,0.9937289426356243,0.9938160415511601,0.993341553121913,0.0005545191440303988,48,Neural Network,0.0001,"(10, 20)",0.01
15.4427960395813,3.1364086807381475,0.01631193161010742,0.0005910216513780392,,,,,"{'alpha': 0.0001, 'hidden_layer_sizes': (10, 20), 'learning_rate_init': 0.1}",0.9927751011517253,0.9933262305926697,0.9932541957579922,0.9932978635651241,0.9923105912583501,0.9929927964651721,0.0003963253806790082,57,Neural Network,0.0001,"(10, 20)",0.1
33.26332421302796,6.980190078257591,0.03571138381958008,0.0019890090765469206,,,,,"{'alpha': 0.0001, 'hidden_layer_sizes': (25, 50), 'learning_rate_init': 0.001}",0.9947546312106449,0.9956230130289424,0.9950198128598459,0.9949759872535622,0.9950120835704768,0.9950771055846944,0.0002897377763248919,3,Neural Network,0.0001,"(25, 50)",0.001
14.99175305366516,2.570722590050657,0.03520016670227051,0.002481881728266882,,,,,"{'alpha': 0.0001, 'hidden_layer_sizes': (25, 50), 'learning_rate_init': 0.01}",0.9936876426191953,0.9928892369230474,0.993001442640014,0.993988714946788,0.9926044620535291,0.9932342998365147,0.0005185842956176108,53,Neural Network,0.0001,"(25, 50)",0.01
11.629216814041138,4.828848227848719,0.035510826110839847,0.0011405642251878267,,,,,"{'alpha': 0.0001, 'hidden_layer_sizes': (25, 50), 'learning_rate_init': 0.1}",0.9932158786408714,0.9933468683308461,0.9930529975356669,0.16666666666666666,0.16666666666666666,0.6625898155681436,0.404919566186682,80,Neural Network,0.0001,"(25, 50)",0.1
18.819086885452272,2.251262420329348,0.02620868682861328,0.001919596480728194,,,,,"{'alpha': 0.0001, 'hidden_layer_sizes': (50,), 'learning_rate_init': 0.001}",0.9951052798782852,0.9945403602202316,0.9953008541057938,0.994158838212485,0.9950998925821962,0.9948410449997983,0.0004252208821772767,11,Neural Network,0.0001,"(50,)",0.001
12.703191709518432,4.791948657119793,0.02610359191894531,0.002946427630831678,,,,,"{'alpha': 0.0001, 'hidden_layer_sizes': (50,), 'learning_rate_init': 0.01}",0.9933910989771388,0.9936845647323089,0.9932282999608019,0.9941150126062013,0.994040269842441,0.9936918492237783,0.0003480936280969818,33,Neural Network,0.0001,"(50,)",0.01
11.799274063110351,2.280310183751276,0.03270354270935059,0.011353578810103213,,,,,"{'alpha': 0.0001, 'hidden_layer_sizes': (50,), 'learning_rate_init': 0.1}",0.9925147199689937,0.993584241769662,0.9925760950259837,0.9941364393401373,0.9931277402994273,0.9931878472808406,0.0006144769376014329,55,Neural Network,0.0001,"(50,)",0.1
34.90321998596191,3.3577014600071267,0.050504446029663086,0.02481002457410777,,,,,"{'alpha': 0.0001, 'hidden_layer_sizes': (50, 25), 'learning_rate_init': 0.001}",0.9948783691722527,0.9957416602985624,0.9950327213086531,0.9946795663284519,0.9948651481728872,0.9950394930561615,0.00036850752678193693,4,Neural Network,0.0001,"(50, 25)",0.001
22.87077941894531,9.239173981663082,0.03960709571838379,0.003253194606511792,,,,,"{'alpha': 0.0001, 'hidden_layer_sizes': (50, 25), 'learning_rate_init': 0.01}",0.9931952440919863,0.9934808952796282,0.9941409084033918,0.9944502377773091,0.9939424970097251,0.993841956512408,0.00045124026648722974,26,Neural Network,0.0001,"(50, 25)",0.01
21.111582851409914,8.17582941382003,0.0365994930267334,0.0022452355899558784,,,,,"{'alpha': 0.0001, 'hidden_layer_sizes': (50, 25), 'learning_rate_init': 0.1}",0.16666666666666666,0.9934731659902591,0.9920305757068898,0.993929430761766,0.9925683657366146,0.8277336409724392,0.3305341569235583,75,Neural Network,0.0001,"(50, 25)",0.1
27.626545429229736,7.046194624939798,0.05820612907409668,0.013692889237598923,,,,,"{'alpha': 0.0001, 'hidden_layer_sizes': (100,), 'learning_rate_init': 0.001}",0.9953449571804303,0.9955611787139893,0.9953009330053697,0.9950380582672431,0.994504263903317,0.99514987821407,0.0003631426697820151,1,Neural Network,0.0001,"(100,)",0.001
16.795231914520265,5.350143735366042,0.04811110496520996,0.005305894406359627,,,,,"{'alpha': 0.0001, 'hidden_layer_sizes': (100,), 'learning_rate_init': 0.01}",0.9937596902110384,0.9947724756000337,0.9934165108347441,0.9936330098366559,0.9934373063720724,0.993803798570909,0.0005007510056512824,28,Neural Network,0.0001,"(100,)",0.01
20.64427695274353,7.786761504994621,0.06570477485656738,0.025138054388884012,,,,,"{'alpha': 0.0001, 'hidden_layer_sizes': (100,), 'learning_rate_init': 0.1}",0.9935458927596268,0.9937232111791546,0.9930969020415267,0.9934963538583665,0.9928261402148789,0.9933377000107108,0.00032766178042208533,49,Neural Network,0.0001,"(100,)",0.1
48.87125778198242,6.064016227706318,0.07471203804016113,0.002242770911520575,,,,,"{'alpha': 0.0001, 'hidden_layer_sizes': (100, 50), 'learning_rate_init': 0.001}",0.994996931163714,0.9955716948320174,0.9953344002927773,0.9950301711787222,0.9945996444052536,0.9951065683744968,0.0003295690411967476,2,Neural Network,0.0001,"(100, 50)",0.001
35.69923553466797,10.133276963247349,0.08951239585876465,0.017628915685068403,,,,,"{'alpha': 0.0001, 'hidden_layer_sizes': (100, 50), 'learning_rate_init': 0.01}",0.9938086885981775,0.993702810139706,0.9906092797018046,0.9925967327641599,0.9934216110946062,0.9928278244596909,0.0011879075031914629,59,Neural Network,0.0001,"(100, 50)",0.01
29.677668237686156,7.449855008368021,0.08771224021911621,0.012107540556460305,,,,,"{'alpha': 0.0001, 'hidden_layer_sizes': (100, 50), 'learning_rate_init': 0.1}",0.9928678526241549,0.9936588267342703,0.9931329194588653,0.8972949185700716,0.9931561073269727,0.974022124942867,0.038364456090926854,70,Neural Network,0.0001,"(100, 50)",0.1
24.11402063369751,2.301756817191642,0.01830291748046875,0.016605734828129506,,,,,"{'alpha': 0.001, 'hidden_layer_sizes': (10,), 'learning_rate_init': 0.001}",0.9939117920109003,0.994040269842441,0.994151187822692,0.993924330501904,0.9941124624762702,0.9940280085308414,9.665542901772345e-05,23,Neural Network,0.001,"(10,)",0.001
11.74111762046814,2.8079414415263484,0.010599946975708008,0.0008000613875271989,,,,,"{'alpha': 0.001, 'hidden_layer_sizes': (10,), 'learning_rate_init': 0.01}",0.992509543998847,0.9938263998700362,0.9932722044666615,0.9939603479192426,0.9941640173719232,0.9935465027253422,0.0005969015882093121,38,Neural Network,0.001,"(10,)",0.01
8.006534481048584,0.9031327698870397,0.01179971694946289,0.0022261180016620316,,,,,"{'alpha': 0.001, 'hidden_layer_sizes': (10,), 'learning_rate_init': 0.1}",0.9930173317730927,0.9937464779468379,0.9930091719293831,0.9936613768642015,0.9937929325826286,0.9934454582192288,0.0003554181063100896,45,Neural Network,0.001,"(10,)",0.1
24.50507869720459,9.328552490014737,0.021399784088134765,0.006770236513210562,,,,,"{'alpha': 0.001, 'hidden_layer_sizes': (10, 20), 'learning_rate_init': 0.001}",0.9941309040958622,0.9958524993792373,0.9939010637342206,0.9948419603047798,0.9941562880825541,0.9945765431193309,0.0007113355740308781,13,Neural Network,0.001,"(10, 20)",0.001
8.741683959960938,1.197055324864465,0.016400861740112304,0.000489745802842997,,,,,"{'alpha': 0.001, 'hidden_layer_sizes': (10, 20), 'learning_rate_init': 0.01}",0.9926693750880782,0.993230850090733,0.9920928045197228,0.9923370393525722,0.9939630558483256,0.9928586249798863,0.0006712178695001101,58,Neural Network,0.001,"(10, 20)",0.01
13.009058523178101,3.154027566688387,0.019304323196411132,0.006366016246607825,,,,,"{'alpha': 0.001, 'hidden_layer_sizes': (10, 20), 'learning_rate_init': 0.1}",0.9935797098948345,0.9554422950708031,0.9862348428606781,0.9502005998288142,0.3561309081910418,0.8483176711692344,0.24666813008223903,74,Neural Network,0.001,"(10, 20)",0.1
36.43713088035584,2.7035148167246668,0.04190459251403809,0.007495839039978718,,,,,"{'alpha': 0.001, 'hidden_layer_sizes': (25, 50), 'learning_rate_init': 0.001}",0.9947984536276371,0.9953368715231323,0.9952157530231572,0.9947336713540359,0.9949605286748239,0.9950090556405573,0.00023355155334715756,6,Neural Network,0.001,"(25, 50)",0.001
17.35463876724243,3.970230664275756,0.042505073547363284,0.006894729233765171,,,,,"{'alpha': 0.001, 'hidden_layer_sizes': (25, 50), 'learning_rate_init': 0.01}",0.9930946939984858,0.9941846551100996,0.993635559966587,0.993813491421229,0.9938753257361821,0.9937207452465167,0.00035969599367136285,32,Neural Network,0.001,"(25, 50)",0.01
13.917523860931396,3.3468428045978724,0.03732004165649414,0.004475575309775518,,,,,"{'alpha': 0.001, 'hidden_layer_sizes': (25, 50), 'learning_rate_init': 0.1}",0.9938835668360498,0.2969458879815227,0.9930246305081214,0.9933494184607771,0.9932385793801021,0.8540884166333147,0.27857140815274994,72,Neural Network,0.001,"(25, 50)",0.1
18.98324966430664,3.840420440879049,0.0324005126953125,0.010891772963310144,,,,,"{'alpha': 0.001, 'hidden_layer_sizes': (50,), 'learning_rate_init': 0.001}",0.9938035126280308,0.9957391101686314,0.9950046698794116,0.9948496895941489,0.9947337502536119,0.9948261465047669,0.0006197168122561848,12,Neural Network,0.001,"(50,)",0.001
18.041812229156495,8.050012379783828,0.029599905014038086,0.007226779634281553,,,,,"{'alpha': 0.001, 'hidden_layer_sizes': (50,), 'learning_rate_init': 0.01}",0.9934735678409768,0.9944965346139479,0.9933597767796533,0.9942491973541355,0.9937722948444522,0.9938702742866331,0.0004389460942762498,25,Neural Network,0.001,"(50,)",0.01
14.414060163497926,5.910920875754424,0.028800344467163085,0.0071945319477104116,,,,,"{'alpha': 0.001, 'hidden_layer_sizes': (50,), 'learning_rate_init': 0.1}",0.9938422977382798,0.9816546598343957,0.9932722044666615,0.9595950537505801,0.9934706947599041,0.9843669821099642,0.01321338187036237,69,Neural Network,0.001,"(50,)",0.1
39.34375395774841,4.997405956087739,0.037599706649780275,0.0008002054047364189,,,,,"{'alpha': 0.001, 'hidden_layer_sizes': (50, 25), 'learning_rate_init': 0.001}",0.9949376501679833,0.9957699484265318,0.9942593978738598,0.9876190957539369,0.9951512896786973,0.9935474763802018,0.0030032219803533926,37,Neural Network,0.001,"(50, 25)",0.001
19.37224555015564,4.986110064273288,0.04300780296325683,0.005378896860520025,,,,,"{'alpha': 0.001, 'hidden_layer_sizes': (50, 25), 'learning_rate_init': 0.01}",0.9931358937645539,0.9950225207889288,0.9938366792893364,0.9915889016187857,0.9792749319475377,0.9905717854818284,0.005756677038795761,64,Neural Network,0.001,"(50, 25)",0.01
12.254386377334594,4.348982908755404,0.04439992904663086,0.00868570782053495,,,,,"{'alpha': 0.001, 'hidden_layer_sizes': (50, 25), 'learning_rate_init': 0.1}",0.9889962986768972,0.9933339598820389,0.16666666666666666,0.9933863826730273,0.27910789408562237,0.6842982403968504,0.37841805591152666,79,Neural Network,0.001,"(50, 25)",0.1
34.33513460159302,8.777739066007026,0.05630393028259277,0.015380632286131467,,,,,"{'alpha': 0.001, 'hidden_layer_sizes': (100,), 'learning_rate_init': 0.001}",0.9937906073685149,0.9955199032376365,0.9953395794522155,0.9948290518559726,0.9949450700960857,0.9948848424020851,0.0006023584179647775,9,Neural Network,0.001,"(100,)",0.001
21.76930284500122,8.438041855745073,0.05210433006286621,0.013497383579147712,,,,,"{'alpha': 0.001, 'hidden_layer_sizes': (100,), 'learning_rate_init': 0.01}",0.9944866594019475,0.9942233015569452,0.9948265017260415,0.9940815453187937,0.9934447989627136,0.9942125613932882,0.00046017217717399245,17,Neural Network,0.001,"(100,)",0.01
14.469144916534423,3.345905536064682,0.0435999870300293,0.001020356610035373,,,,,"{'alpha': 0.001, 'hidden_layer_sizes': (100,), 'learning_rate_init': 0.1}",0.9931771628623238,0.9935608172028267,0.9930144299883971,0.9935557169429646,0.992836577433331,0.9932289408859687,0.00028967894262179835,54,Neural Network,0.001,"(100,)",0.1
40.97771797180176,3.2435329395501022,0.0803135871887207,0.011395502529917416,,,,,"{'alpha': 0.001, 'hidden_layer_sizes': (100, 50), 'learning_rate_init': 0.001}",0.9949918245252691,0.9957313019796862,0.9947672175410195,0.9945712773777081,0.9947620383815815,0.9949647319610528,0.0004057749974895727,8,Neural Network,0.001,"(100, 50)",0.001
20.54691023826599,3.1334474919082083,0.08781614303588867,0.016531221520447375,,,,,"{'alpha': 0.001, 'hidden_layer_sizes': (100, 50), 'learning_rate_init': 0.01}",0.9927595732412854,0.9938882341849893,0.9918080296502043,0.9934244768228412,0.973389944553739,0.9890540516906119,0.007863198753500087,67,Neural Network,0.001,"(100, 50)",0.01
27.349801206588744,6.511476927546789,0.07311162948608399,0.004167048476209958,,,,,"{'alpha': 0.001, 'hidden_layer_sizes': (100, 50), 'learning_rate_init': 0.1}",0.9930663301602317,0.9933339598820389,0.9929143437244782,0.9935667853580245,0.9936617713620812,0.9933086380973709,0.00028501420754137514,51,Neural Network,0.001,"(100, 50)",0.1
24.925413417816163,3.1521614720627475,0.014001035690307617,0.006032590645077065,,,,,"{'alpha': 0.01, 'hidden_layer_sizes': (10,), 'learning_rate_init': 0.001}",0.9933756403984005,0.9944733467458405,0.993983614686926,0.9943032234801435,0.994506892932824,0.9941285436488269,0.00041962319010760066,19,Neural Network,0.01,"(10,)",0.001
15.318109941482543,4.49256746997916,0.010800647735595702,0.0011667602758905177,,,,,"{'alpha': 0.01, 'hidden_layer_sizes': (10,), 'learning_rate_init': 0.01}",0.9931539749942164,0.9939732563680498,0.9934808952796282,0.9928854243999009,0.994151187822692,0.9935289477728974,0.00047783444115059794,39,Neural Network,0.01,"(10,)",0.01
11.71066780090332,2.6460250666510547,0.011736345291137696,0.001597863312201175,,,,,"{'alpha': 0.01, 'hidden_layer_sizes': (10,), 'learning_rate_init': 0.1}",0.9765955253118879,0.9935299000453502,0.9932799337560306,0.9941258443225333,0.9888926420221728,0.989284769091595,0.006611946131684676,66,Neural Network,0.01,"(10,)",0.1
19.96892194747925,3.220300138917136,0.018608570098876953,0.0023488463005781716,,,,,"{'alpha': 0.01, 'hidden_layer_sizes': (10, 20), 'learning_rate_init': 0.001}",0.9938370524364316,0.9940918247380939,0.9938933344448514,0.9942387601356835,0.9941640173719232,0.9940449978253968,0.00015501310324359774,22,Neural Network,0.01,"(10, 20)",0.001
14.580865859985352,6.241024886004416,0.022502326965332033,0.00959087642527411,,,,,"{'alpha': 0.01, 'hidden_layer_sizes': (10, 20), 'learning_rate_init': 0.01}",0.9826554387944352,0.9932153915119947,0.9932231997009399,0.9939759642971328,0.9936432892559561,0.9913426567120917,0.004352896774605366,63,Neural Network,0.01,"(10, 20)",0.01
15.91536283493042,6.659937186571928,0.0264005184173584,0.010051822903258045,,,,,"{'alpha': 0.01, 'hidden_layer_sizes': (10, 20), 'learning_rate_init': 0.1}",0.9927647492114321,0.9933623269095843,0.9927857326338619,0.9934370696733446,0.9928854243999009,0.9930470605656249,0.00029175956211696517,56,Neural Network,0.01,"(10, 20)",0.1
39.268228960037234,4.477738399150922,0.03950486183166504,0.005424580483730926,,,,,"{'alpha': 0.01, 'hidden_layer_sizes': (25, 50), 'learning_rate_init': 0.001}",0.994563882963937,0.9955869167120278,0.9950043542811077,0.995143560389328,0.9947697676709506,0.9950136964034701,0.00034853028825319367,5,Neural Network,0.01,"(25, 50)",0.001
22.768204259872437,2.0422937661493674,0.04390382766723633,0.005349715688990159,,,,,"{'alpha': 0.01, 'hidden_layer_sizes': (25, 50), 'learning_rate_init': 0.01}",0.9924141698754932,0.9945378100903005,0.9911763835539865,0.9915734430400475,0.992413701049656,0.9924231015218968,0.0011617560587106714,62,Neural Network,0.01,"(25, 50)",0.01
15.385673141479492,2.190394603433921,0.041503524780273436,0.009599747325269845,,,,,"{'alpha': 0.01, 'hidden_layer_sizes': (25, 50), 'learning_rate_init': 0.1}",0.9938242165086173,0.9904233569155654,0.9647339012434913,0.9901118719095967,0.9923389582858956,0.9862864609726332,0.010860119612645372,68,Neural Network,0.01,"(25, 50)",0.1
21.41595697402954,5.13009932812641,0.027102565765380858,0.0016223990998276226,,,,,"{'alpha': 0.01, 'hidden_layer_sizes': (50,), 'learning_rate_init': 0.001}",0.995159454235571,0.993576275781565,0.9940686368699865,0.9944115124308874,0.9951772643754636,0.9944786287386946,0.000622648199319884,14,Neural Network,0.01,"(50,)",0.001
19.554512786865235,3.230244475448092,0.02830371856689453,0.002603809004729727,,,,,"{'alpha': 0.01, 'hidden_layer_sizes': (50,), 'learning_rate_init': 0.01}",0.9938859814918688,0.9941356503443776,0.9937001022106231,0.9936793855728707,0.9940686368699865,0.9938939512979452,0.00018580253763979864,24,Neural Network,0.01,"(50,)",0.01
12.308169412612916,2.2719576706317333,0.028703594207763673,0.004622494563348214,,,,,"{'alpha': 0.01, 'hidden_layer_sizes': (50,), 'learning_rate_init': 0.1}",0.9926641991179315,0.993862496186951,0.9930375389569286,0.9935557169429646,0.9741078752262328,0.9894455652862018,0.007679964064931625,65,Neural Network,0.01,"(50,)",0.1
39.560336923599245,10.735436132310193,0.040905189514160153,0.003900780294808628,,,,,"{'alpha': 0.01, 'hidden_layer_sizes': (50, 25), 'learning_rate_init': 0.001}",0.9939736263258534,0.9956900265033335,0.9949966249917385,0.9952802163676174,0.9949888957023694,0.9949858779781824,0.0005669635342012928,7,Neural Network,0.01,"(50, 25)",0.001
21.968691730499266,6.783951346740693,0.03940105438232422,0.0013563748171607577,,,,,"{'alpha': 0.01, 'hidden_layer_sizes': (50, 25), 'learning_rate_init': 0.01}",0.9941102695469772,0.9947036220918951,0.993171565905711,0.9947935867356655,0.9937909347497293,0.9941139958059957,0.0006003431413360045,20,Neural Network,0.01,"(50, 25)",0.01
17.12398762702942,1.3064033727190525,0.041511821746826175,0.0033408051897287545,,,,,"{'alpha': 0.01, 'hidden_layer_sizes': (50, 25), 'learning_rate_init': 0.1}",0.37545107743066297,0.46443746453846607,0.9916842032211463,0.9938392294192675,0.3599459704693558,0.6370715890157796,0.29260201532575997,81,Neural Network,0.01,"(50, 25)",0.1
29.167573928833008,4.265723581193427,0.05180025100708008,0.008470157748770172,,,,,"{'alpha': 0.01, 'hidden_layer_sizes': (100,), 'learning_rate_init': 0.001}",0.9938627936237614,0.993988714946788,0.9950844340034579,0.9951928807533538,0.9937824953641764,0.9943822637383075,0.000622028131223149,15,Neural Network,0.01,"(100,)",0.001
19.596443510055543,7.444901935581512,0.04730415344238281,0.002523534153996177,,,,,"{'alpha': 0.01, 'hidden_layer_sizes': (100,), 'learning_rate_init': 0.01}",0.9919837443266406,0.9943625076651655,0.9937541283366311,0.993230850090733,0.9940250479624306,0.9934712556763202,0.0008308450886578944,42,Neural Network,0.01,"(100,)",0.01
12.824528169631957,2.4478343544518397,0.054807519912719725,0.013360930736966141,,,,,"{'alpha': 0.01, 'hidden_layer_sizes': (100,), 'learning_rate_init': 0.1}",0.9936772906789022,0.9934118050727618,0.993128134797307,0.9913904113255431,0.16666666666666666,0.8276548617082362,0.3304950648631456,76,Neural Network,0.01,"(100,)",0.1
55.07256135940552,6.012025626180216,0.07762284278869629,0.014982829316461522,,,,,"{'alpha': 0.01, 'hidden_layer_sizes': (100, 50), 'learning_rate_init': 0.001}",0.9949505554274992,0.9957261228202482,0.9948806067516255,0.9940557284211793,0.9946511993009066,0.9948528425442917,0.0005383285283163764,10,Neural Network,0.01,"(100, 50)",0.001
34.334636211395264,4.306828383108603,0.0727208137512207,0.001211548639784876,,,,,"{'alpha': 0.01, 'hidden_layer_sizes': (100, 50), 'learning_rate_init': 0.01}",0.9939814249469244,0.9932778570235555,0.9933160300729454,0.9938856051554823,0.9938031331023529,0.9936528100602521,0.0002962393818082249,34,Neural Network,0.01,"(100, 50)",0.01
21.348047494888306,3.9766298914657847,0.0731046199798584,0.0063982972812187105,,,,,"{'alpha': 0.01, 'hidden_layer_sizes': (100, 50), 'learning_rate_init': 0.1}",0.9929709560368779,0.16666666666666666,0.9928467779530553,0.993921780371973,0.9844820553080558,0.8261776472673258,0.32977317061969447,77,Neural Network,0.01,"(100, 50)",0.1
28.36821641921997,3.303362580173269,0.010000658035278321,1.004758239064478e-06,,,,,"{'alpha': 0.1, 'hidden_layer_sizes': (10,), 'learning_rate_init': 0.001}",0.9925508130966169,0.9936020926791794,0.9927643058999259,0.9936845647323089,0.9937078314999922,0.9932619215816046,0.0004992946841000964,52,Neural Network,0.1,"(10,)",0.001
15.893849563598632,3.5586395793293097,0.010712385177612305,0.002241795893777989,,,,,"{'alpha': 0.1, 'hidden_layer_sizes': (10,), 'learning_rate_init': 0.01}",0.9936489268406481,0.9937722159448764,0.9933314886516836,0.9937619365255762,0.9928106816361407,0.993465049919785,0.00036396148386090934,43,Neural Network,0.1,"(10,)",0.01
5.815545463562012,0.6924986216685918,0.011200666427612305,0.0014701973605704042,,,,,"{'alpha': 0.1, 'hidden_layer_sizes': (10,), 'learning_rate_init': 0.1}",0.9926907722856821,0.9920296289119782,0.993228378860378,0.9932463086694713,0.2968427781902169,0.8536075733835453,0.27838275253847505,73,Neural Network,0.1,"(10,)",0.1
31.12345471382141,3.0844390682940612,0.01700000762939453,0.0021905138804272457,,,,,"{'alpha': 0.1, 'hidden_layer_sizes': (10, 20), 'learning_rate_init': 0.001}",0.9943294509636406,0.9944217918501875,0.9933107720139315,0.9939809856574189,0.9926199206322673,0.9937325842234891,0.000679544867972539,31,Neural Network,0.1,"(10, 20)",0.001
18.505202293395996,4.464437931363468,0.018000268936157228,0.006032883019372555,,,,,"{'alpha': 0.1, 'hidden_layer_sizes': (10, 20), 'learning_rate_init': 0.01}",0.9935045543301552,0.9933777854883226,0.9899158781902098,0.9942646559328739,0.9925090815515926,0.9927143910986308,0.0015060941281156807,61,Neural Network,0.1,"(10, 20)",0.01
7.586492490768433,2.0734461514841507,0.017200231552124023,0.000399351390439981,,,,,"{'alpha': 0.1, 'hidden_layer_sizes': (10, 20), 'learning_rate_init': 0.1}",0.25884111764099393,0.3473150210343974,0.9930969020415267,0.9932231208013639,0.16666666666666666,0.5518285656369897,0.3648462747704933,83,Neural Network,0.1,"(10, 20)",0.1
37.161618041992185,5.91975341107497,0.042706871032714845,0.012691142335505218,,,,,"{'alpha': 0.1, 'hidden_layer_sizes': (25, 50), 'learning_rate_init': 0.001}",0.9950125977375573,0.9942954941907743,0.9936613768642015,0.994040269842441,0.9939062428936586,0.9941831963057266,0.0004625892878193521,18,Neural Network,0.1,"(25, 50)",0.001
17.777108478546143,1.4182637646982814,0.040200090408325194,0.009020261903169869,,,,,"{'alpha': 0.1, 'hidden_layer_sizes': (25, 50), 'learning_rate_init': 0.01}",0.9937159371257479,0.9937438489173308,0.9931484569371797,0.9938856840550584,0.9936768354429398,0.9936341524956512,0.0002528684106547853,36,Neural Network,0.1,"(25, 50)",0.01
8.51923828125,1.4583094397543592,0.037407541275024415,0.004603508456092867,,,,,"{'alpha': 0.1, 'hidden_layer_sizes': (25, 50), 'learning_rate_init': 0.1}",0.16666666666666666,0.16666666666666666,0.9932387371792539,0.8196712859853171,0.9901941072639984,0.6272874927523805,0.38130726164087814,82,Neural Network,0.1,"(25, 50)",0.1
31.18755955696106,2.663237322011229,0.026999807357788085,0.0035778226749259975,,,,,"{'alpha': 0.1, 'hidden_layer_sizes': (50,), 'learning_rate_init': 0.001}",0.9935690112960325,0.9939938941062262,0.9934500570217278,0.9927307597129423,0.9937181109192924,0.9934923666112443,0.00042194783977439514,41,Neural Network,0.1,"(50,)",0.001
15.493037509918214,3.828046530699522,0.024800491333007813,0.0007479334149797778,,,,,"{'alpha': 0.1, 'hidden_layer_sizes': (50,), 'learning_rate_init': 0.01}",0.9934143561769481,0.9939012215333726,0.9927204802936421,0.9944039409406701,0.9931483780376036,0.9935176753964473,0.0005856875764996607,40,Neural Network,0.1,"(50,)",0.01
7.392205238342285,1.9488899008583598,0.02900686264038086,0.008527533391616925,,,,,"{'alpha': 0.1, 'hidden_layer_sizes': (50,), 'learning_rate_init': 0.1}",0.990519731331336,0.9930323597974905,0.9929860629608518,0.9933267039901255,0.9937181898188682,0.9927166095797345,0.0011290664752713567,60,Neural Network,0.1,"(50,)",0.1
41.91858954429627,3.3230758112626764,0.044105243682861325,0.0061774024893020965,,,,,"{'alpha': 0.1, 'hidden_layer_sizes': (50, 25), 'learning_rate_init': 0.001}",0.9934220161346153,0.9940840954487248,0.9936793855728707,0.9938495088385677,0.993988714946788,0.9938047441883133,0.0002349816104007889,27,Neural Network,0.1,"(50, 25)",0.001
19.500035429000853,2.4525244419252914,0.040999650955200195,0.004147850056805238,,,,,"{'alpha': 0.1, 'hidden_layer_sizes': (50, 25), 'learning_rate_init': 0.01}",0.9937288423852637,0.9938573170275128,0.9918286673883806,0.9937106183286512,0.9935376293347193,0.9933326148929055,0.0007588259577684919,50,Neural Network,0.1,"(50, 25)",0.01
7.313254308700562,0.8738071753596919,0.04899992942810059,0.014268601699456115,,,,,"{'alpha': 0.1, 'hidden_layer_sizes': (50, 25), 'learning_rate_init': 0.1}",0.9923214184030636,0.9932824049863859,0.16666666666666666,0.39086344928235217,0.16666666666666666,0.541960121201027,0.3771041395042756,84,Neural Network,0.1,"(50, 25)",0.1
29.243872928619385,2.603656730961146,0.046000337600708006,0.003742087142081937,,,,,"{'alpha': 0.1, 'hidden_layer_sizes': (100,), 'learning_rate_init': 0.001}",0.9936437508705014,0.9937309404685237,0.993406231415444,0.993759307496069,0.9936768354429398,0.9936434131386955,0.00012527160082491227,35,Neural Network,0.1,"(100,)",0.001
23.807409381866456,4.464136038998958,0.04560742378234863,0.0024301970873964554,,,,,"{'alpha': 0.1, 'hidden_layer_sizes': (100,), 'learning_rate_init': 0.01}",0.9935690112960325,0.9939578766888876,0.9919265191206724,0.9935040831477356,0.993921780371973,0.9933758541250602,0.0007471425649460083,46,Neural Network,0.1,"(100,)",0.01
8.70280351638794,0.4725829205726288,0.04480977058410644,0.0021323479202732167,,,,,"{'alpha': 0.1, 'hidden_layer_sizes': (100,), 'learning_rate_init': 0.1}",0.993257147738641,0.9925465191612987,0.3836096675740328,0.9715527660146638,0.9559518758721343,0.8593835952721541,0.23829506008690118,71,Neural Network,0.1,"(100,)",0.1
48.030956172943114,4.179438857926587,0.0516240119934082,0.00970037272873447,,,,,"{'alpha': 0.1, 'hidden_layer_sizes': (100, 50), 'learning_rate_init': 0.001}",0.9946103280318538,0.9937386697578928,0.9944063332714492,0.9943057736100746,0.9944269710096257,0.9942976151361792,0.00029625273894325267,16,Neural Network,0.1,"(100, 50)",0.001
32.00272536277771,9.678956837978149,0.0706216812133789,0.021600169938097144,,,,,"{'alpha': 0.1, 'hidden_layer_sizes': (100, 50), 'learning_rate_init': 0.01}",0.9928033956582777,0.9937154818897854,0.9931483780376036,0.9934370696733446,0.9936123720984796,0.9933433394714981,0.0003314221376880864,47,Neural Network,0.1,"(100, 50)",0.01
14.362578868865967,3.0043709821926017,0.07361440658569336,0.006352517644593109,,,,,"{'alpha': 0.1, 'hidden_layer_sizes': (100, 50), 'learning_rate_init': 0.1}",0.16666666666666666,0.9898720525839259,0.9923751335023862,0.3137012290687124,0.9875027365720199,0.6900235636787422,0.37022706209980494,78,Neural Network,0.1,"(100, 50)",0.1
0.0982325553894043,0.013920094691754883,0.031103849411010742,0.018093487544765335,,,,,{'alpha': 1e-08},0.8992416125507631,0.9020942831838484,0.9016948313670086,0.8990164480234132,0.900730825827918,0.9005556001905901,0.0012483308826097982,1,Naive Bayes,1e-08,,
0.12035546302795411,0.008780906487820185,0.02591218948364258,0.005928264758472922,,,,,{'alpha': 1e-06},0.8992416125507631,0.9020942831838484,0.9016948313670086,0.8990164480234132,0.900730825827918,0.9005556001905901,0.0012483308826097982,1,Naive Bayes,1e-06,,
0.1573636531829834,0.02747072129142246,0.023999595642089845,0.0016732559244063204,,,,,{'alpha': 0.0001},0.8992416125507631,0.9020942831838484,0.9016948313670086,0.8990164480234132,0.900730825827918,0.9005556001905901,0.0012483308826097982,1,Naive Bayes,0.0001,,
0.13313694000244142,0.006381401175997406,0.024805355072021484,0.00216121629292116,,,,,{'alpha': 0.01},0.8992416125507631,0.9020942831838484,0.9016948313670086,0.8990164480234132,0.900730825827918,0.9005556001905901,0.0012483308826097982,1,Naive Bayes,0.01,,
0.14081768989562987,0.004663863702524585,0.026198959350585936,0.0022269744060119992,,,,,{'alpha': 1.0},0.8992416125507631,0.9020942831838484,0.9016948313670086,0.8990164480234132,0.900730825827918,0.9005556001905901,0.0012483308826097982,1,Naive Bayes,1.0,,
0.13439974784851075,0.01040422533200249,0.021199989318847656,0.003310285838260285,,,,,{'alpha': 10.0},0.8992416125507631,0.9020942831838484,0.9016948313670086,0.8990164480234132,0.900730825827918,0.9005556001905901,0.0012483308826097982,1,Naive Bayes,10.0,,
0.11491870880126953,0.014205954494348074,0.01211252212524414,0.0026785998353011354,,,,,{'alpha': 100.0},0.8992416125507631,0.9020942831838484,0.9016948313670086,0.8990164480234132,0.900730825827918,0.9005556001905901,0.0012483308826097982,1,Naive Bayes,100.0,,
